<!DOCTYPE html>
<html lang="es-ES" prefix="og: http://ogp.me/ns#">

<head>
    <meta charset="utf-8"> 
	<meta name="viewport" content="width=device-width, initial-scale=1, maximum-scale=1">
	<meta name="author" content="Cash Converters">
    <title>Página no encontrada - Tiendas Cash Converters España</title>
    <meta name="robots" content="noindex,follow"/>
    <meta property="og:locale" content="es_ES" />
    <meta property="og:type" content="object" />
    <meta property="og:title" content="Página no encontrada - Tiendas Cash Converters España" />
    <meta property="og:site_name" content="Tiendas Cash Converters España" />
    <meta name="twitter:card" content="summary" />
    <meta name="twitter:title" content="Página no encontrada - Tiendas Cash Converters España" />
    
<!-- css -->
<link rel="stylesheet" href="https://cashconverters.es/assets/css/bootstrap-3.3.7.min.css">
<link rel="stylesheet" href="https://cashconverters.es/assets/css/font-awesome-4.7.0.min.css">
<link rel="stylesheet" href="https://cashconverters.es/content/themes/cash-converters/css/bootstrap-datepicker.min.css">
<link rel="stylesheet" href="https://cashconverters.es/content/themes/cash-converters/css/font-faces.css?ver=201806211201">
<link rel="stylesheet" href="https://cashconverters.es/content/themes/cash-converters/css/animate.css?ver=201806211201">
<link rel="stylesheet" href="https://cashconverters.es/content/themes/cash-converters/css/template.css?ver=201806211201">
<link rel="stylesheet" href="https://cashconverters.es/content/themes/cash-converters/style.css?ver=201806211201">
<link rel="stylesheet" href="https://cashconverters.es/content/themes/cash-converters/css/responsive.css?ver=201806211201">
<link rel="stylesheet" href="https://cashconverters.es/content/themes/cash-converters/css/print.css?ver=201806211201">
<link rel='stylesheet' id='cp_assets-css'  href='https://cashconverters.es/content/plugins/cita-previa/assets/front.css?ver=201806211201' type='text/css' media='all' />
<link rel='stylesheet' id='ua_assets-css'  href='https://cashconverters.es/content/plugins/users-area/assets/front.css?ver=201806211201' type='text/css' media='all' />

<!-- js -->
<script src="https://cashconverters.es/assets/js/jquery-2.1.4.min.js"></script>
<script src="https://cashconverters.es/assets/js/bootstrap-3.3.7.min.js"></script>
<script src="https://maps.googleapis.com/maps/api/js?key=AIzaSyBRCDBQsrg0MsP0WvU-k3L_Nzd1BQwrvVo"></script>
<script src="https://cashconverters.es/content/themes/cash-converters/js/jquery.mobile.custom.min.js"></script>
<script src="https://cashconverters.es/content/themes/cash-converters/js/bootstrap-datepicker.min.js"></script>
<script src="https://cashconverters.es/content/themes/cash-converters/js/device-scripts.js?ver=201806211201"></script>
<script src="https://cashconverters.es/content/themes/cash-converters/js/template-scripts.js?ver=201806211201"></script>
<script src='https://cashconverters.es/content/plugins/cita-previa/assets/front.js?ver=201806211201'></script>
<script src='https://cashconverters.es/content/plugins/users-area/assets/jquery.countTo.js?ver=201806211201'></script>
<script src='https://cashconverters.es/content/plugins/users-area/assets/front.js?ver=201806211201'></script>
<script src='https://cashconverters.es/content/plugins/users-area/assets/chart.js?ver=201806211201'></script>
<script src='https://cashconverters.es/content/plugins/users-area/assets/chart.piecelabel.js?ver=201806211201'></script>
<script src='https://cashconverters.es/content/plugins/users-area/assets/stats.js?ver=201806211201'></script>
<script src='https://cashconverters.es/content/themes/cash-converters/js/scripts.js?ver=201806211201'></script>

<!-- favicon -->
<link rel="shortcut icon" href="https://cashconverters.es/content/themes/cash-converters/images/favicon.png">

<!-- analytics -->
<script type="text/javascript">
    (function (i, s, o, g, r, a, m) { i['GoogleAnalyticsObject'] = r; i[r] = i[r] || function () { (i[r].q = i[r].q || []).push(arguments) }, i[r].l = 1 * new Date(); a = s.createElement(o), m = s.getElementsByTagName(o)[0]; a.async = 1; a.src = g; m.parentNode.insertBefore(a, m) })(window, document, 'script', 'https://www.google-analytics.com/analytics.js', 'ga'); ga('create', 'UA-11468933-1', 'auto'); ga('send', 'pageview');
</script>

<!-- Google Tag Manager -->
<script>
    (function (w, d, s, l, i) { w[l] = w[l] || []; w[l].push({ 'gtm.start': new Date().getTime(), event: 'gtm.js' }); var f = d.getElementsByTagName(s)[0], j = d.createElement(s), dl = l != 'dataLayer' ? '&l=' + l : ''; j.async = true; j.src = 'https://www.googletagmanager.com/gtm.js?id=' + i + dl; f.parentNode.insertBefore(j, f); })(window, document, 'script', 'dataLayer', 'GTM-NKRK42D');
</script>

<!-- Facebook Pixel Code -->
<script>
    !function (f, b, e, v, n, t, s) { if (f.fbq) return; n = f.fbq = function () { n.callMethod ? n.callMethod.apply(n, arguments) : n.queue.push(arguments) }; if (!f._fbq) f._fbq = n; n.push = n; n.loaded = !0; n.version = '2.0'; n.queue = []; t = b.createElement(e); t.async = !0; t.src = v; s = b.getElementsByTagName(e)[0]; s.parentNode.insertBefore(t, s) }(window, document, 'script', 'https://connect.facebook.net/en_US/fbevents.js'); fbq('init', '386383598239349'); fbq('track', 'ViewContent');
</script>

<noscript><img height="1" width="1" style="display:none" src="https://www.facebook.com/tr?id=386383598239349&ev=ViewContent&noscript=1"/></noscript>

<!-- Otros scripts -->

<link rel='dns-prefetch' href='//maps.googleapis.com' />
<link rel='dns-prefetch' href='//s.w.org' />
<link rel="EditURI" type="application/rsd+xml" title="RSD" href="/xmlrpc.php?rsd" />
<link rel="wlwmanifest" type="application/wlwmanifest+xml" href="https://cashconverters.es/includes/wlwmanifest.xml" /> 

<script type='application/ld+json'>{"@context":"http://schema.org","@type":"WebSite","@id":"#website","url":"https://cashconverters.es/","name":"Tiendas Cash Converters Espa\u00f1a","potentialAction":{"@type":"SearchAction","target":"https://cashconverters.es/?s={search_term_string}","query-input":"required name=search_term_string"}}</script>
<script type="text/javascript">
    window._wpemojiSettings = {"baseUrl":"https://s.w.org/images/core/emoji/2.3/72x72/","ext":".png","svgUrl":"https://s.w.org/images/core/emoji/2.3/svg/","svgExt":".svg","source":{"concatemoji":"https://cashconverters.es/includes/js/wp-emoji-release.min.js?ver=201806211201"}}; !function(a,b,c){function d(a){var b,c,d,e,f=String.fromCharCode;if(!k||!k.fillText)return!1;switch(k.clearRect(0,0,j.width,j.height),k.textBaseline="top",k.font="600 32px Arial",a){case"flag":return k.fillText(f(55356,56826,55356,56819),0,0),b=j.toDataURL(),k.clearRect(0,0,j.width,j.height),k.fillText(f(55356,56826,8203,55356,56819),0,0),c=j.toDataURL(),b===c&&(k.clearRect(0,0,j.width,j.height),k.fillText(f(55356,57332,56128,56423,56128,56418,56128,56421,56128,56430,56128,56423,56128,56447),0,0),b=j.toDataURL(),k.clearRect(0,0,j.width,j.height),k.fillText(f(55356,57332,8203,56128,56423,8203,56128,56418,8203,56128,56421,8203,56128,56430,8203,56128,56423,8203,56128,56447),0,0),c=j.toDataURL(),b!==c);case"emoji4":return k.fillText(f(55358,56794,8205,9794,65039),0,0),d=j.toDataURL(),k.clearRect(0,0,j.width,j.height),k.fillText(f(55358,56794,8203,9794,65039),0,0),e=j.toDataURL(),d!==e}return!1}function e(a){var c=b.createElement("script");c.src=a,c.defer=c.type="text/javascript",b.getElementsByTagName("head")[0].appendChild(c)}var f,g,h,i,j=b.createElement("canvas"),k=j.getContext&&j.getContext("2d");for(i=Array("flag","emoji4"),c.supports={everything:!0,everythingExceptFlag:!0},h=0;h<i.length;h++)c.supports[i[h]]=d(i[h]),c.supports.everything=c.supports.everything&&c.supports[i[h]],"flag"!==i[h]&&(c.supports.everythingExceptFlag=c.supports.everythingExceptFlag&&c.supports[i[h]]);c.supports.everythingExceptFlag=c.supports.everythingExceptFlag&&!c.supports.flag,c.DOMReady=!1,c.readyCallback=function(){c.DOMReady=!0},c.supports.everything||(g=function(){c.readyCallback()},b.addEventListener?(b.addEventListener("DOMContentLoaded",g,!1),a.addEventListener("load",g,!1)):(a.attachEvent("onload",g),b.attachEvent("onreadystatechange",function(){"complete"===b.readyState&&c.readyCallback()})),f=c.source||{},f.concatemoji?e(f.concatemoji):f.wpemoji&&f.twemoji&&(e(f.twemoji),e(f.wpemoji)))}(window,document,window._wpemojiSettings);
</script>

<script type='text/javascript'>
    var PLUGIN = {"uri":"https://tiendas.cashconverters.es/wp-content/plugins"};
    var MAPS = {"name":"Cash Converters","style":"[{\"featureType\":\"all\",\"elementType\":\"labels.text.fill\",\"stylers\":[{\"saturation\":36},{\"color\":\"#333333\"},{\"lightness\":40}]},{\"featureType\":\"all\",\"elementType\":\"labels.text.stroke\",\"stylers\":[{\"visibility\":\"on\"},{\"color\":\"#ffffff\"},{\"lightness\":16}]},{\"featureType\":\"all\",\"elementType\":\"labels.icon\",\"stylers\":[{\"visibility\":\"off\"}]},{\"featureType\":\"administrative\",\"elementType\":\"geometry.fill\",\"stylers\":[{\"color\":\"#fefefe\"},{\"lightness\":20}]},{\"featureType\":\"administrative\",\"elementType\":\"geometry.stroke\",\"stylers\":[{\"color\":\"#fefefe\"},{\"lightness\":17},{\"weight\":1.2}]},{\"featureType\":\"landscape\",\"elementType\":\"geometry\",\"stylers\":[{\"lightness\":20},{\"visibility\":\"on\"},{\"color\":\"#f6f6f6\"}]},{\"featureType\":\"poi\",\"elementType\":\"geometry\",\"stylers\":[{\"color\":\"#f5f5f5\"},{\"lightness\":21}]},{\"featureType\":\"poi.park\",\"elementType\":\"geometry\",\"stylers\":[{\"color\":\"#dedede\"},{\"lightness\":21}]},{\"featureType\":\"road.highway\",\"elementType\":\"geometry.fill\",\"stylers\":[{\"color\":\"#ffffff\"},{\"lightness\":17}]},{\"featureType\":\"road.highway\",\"elementType\":\"geometry.stroke\",\"stylers\":[{\"color\":\"#ffffff\"},{\"lightness\":29},{\"weight\":0.2}]},{\"featureType\":\"road.arterial\",\"elementType\":\"geometry\",\"stylers\":[{\"color\":\"#ffffff\"},{\"lightness\":18}]},{\"featureType\":\"road.local\",\"elementType\":\"geometry\",\"stylers\":[{\"color\":\"#ffffff\"},{\"lightness\":16}]},{\"featureType\":\"transit\",\"elementType\":\"geometry\",\"stylers\":[{\"color\":\"#f2f2f2\"},{\"lightness\":19}]},{\"featureType\":\"water\",\"elementType\":\"geometry\",\"stylers\":[{\"color\":\"#e9e9e9\"},{\"lightness\":17}]}]","marker":"https://cashconverters.es/content/themes/cash-converters/images/marker.png"};
    var TEMPLATE = {"base":"https://tiendas.cashconverters.es","uri":"https://tiendas.cashconverters.es/wp-content/themes/cash-converters","api_maps":"AIzaSyBRCDBQsrg0MsP0WvU-k3L_Nzd1BQwrvVo","api_facebook":""};
</script></head>

<body class="error404">
    
<!-- Google Tag Manager (noscript) -->
<noscript><iframe src="https://www.googletagmanager.com/ns.html?id=GTM-NKRK42D"
height="0" width="0" style="display:none;visibility:hidden"></iframe></noscript>
<!-- End Google Tag Manager (noscript) -->    
    
<!-- LOADER -->
<div class="box-loader">
    <div class="content">
        <img src="https://cashconverters.es/content/themes/cash-converters/images/loader-cc.gif">
    </div>
</div>    
<header class="header header-page">
    <div class="header-left fix-top">
    <div class="container">
        <a href="https://cashconverters.es/" title="ir a la página de inicio">
            <img class="logo" src="https://cashconverters.es/content/themes/cash-converters/images/logo.png" alt="Logo" title="logo cash converters">
        </a>
        
            <nav class="navbar navbar-default navbar-right">
                <div class="navbar-header">
                    <div class="menu-toggle collapsed" data-toggle="collapse" data-target="#menu">
                    <span></span>
                    <span></span>
                    <span></span>
                    </div>
                </div>
                <div class="navbar-collapse" id="menu">
                    <ul class="nav navbar-nav navbar-space">
                        
                        <li class=""><a href="/tiendas/" title="¿Dónde estamos?">¿Dónde estamos?</a></li><li class=" active"><a href="/la-empresa/" title="La Empresa">La Empresa</a></li><li class=""><a href="/trabaja-con-nosotros/" title="Trabaja con nosotros">Trabaja con nosotros</a></li><li class=""><a href="/contacto/" title="Contacto">Contacto</a></li>                        
                    </ul>
                </div>
            </nav>
        
            </div> 
</div>
<div class="menu-categories">
    <div class="container">
        <a href="#" class="hidden-md hidden-lg toggle-menu">
            <span>Categorías</span>
            <div class="brand">
                <span></span>
                <span></span>
            </div>
        </a>
        <ul class="cat-menu">
            <li><a href="https://webshop.cashconverters.es"><span><img src="https://cashconverters.es/content/themes/cash-converters/images/icons/inicio.png"></span> Inicio</a></li>
            <li class="dropdown">
                <a href="https://webshop.cashconverters.es/telefonia.html" class="dropdown-toggle"><span><img src="https://cashconverters.es/content/themes/cash-converters/images/icons/telefonia.png"></span> Telefonía</a>
                <ul class="dropdown-menu">
                    <li class="col-xs-12 col-sm-6 col-md-4 col-lg-3"><a href="https://webshop.cashconverters.es/telefonia/telefonia-movil.html">Telefonía móvil</a></li>
                    <li class="col-xs-12 col-sm-6 col-md-4 col-lg-3"><a href="https://webshop.cashconverters.es/telefonia/telefono-via-satelite.html">Teléfono vía satélite</a></li>
                    <li class="col-xs-12 col-sm-6 col-md-4 col-lg-3"><a href="https://webshop.cashconverters.es/telefonia/telefono-fijo.html">Teléfono fijo</a></li>
                    <li class="col-xs-12 col-sm-6 col-md-4 col-lg-3"><a href="https://webshop.cashconverters.es/telefonia/accesorio-telefonia-fija.html">Accesorio telefonía fija</a></li>
                    <li class="col-xs-12 col-sm-6 col-md-4 col-lg-3"><a href="https://webshop.cashconverters.es/telefonia/accesorio-telefonia-movil.html">Accesorio telefonía móvil</a></li>
                    <li class="col-xs-12 col-sm-6 col-md-4 col-lg-3"><a href="https://webshop.cashconverters.es/telefonia/antiguos.html">Antiguos</a></li>
                    <li class="col-xs-12 col-sm-6 col-md-4 col-lg-3"><a href="https://webshop.cashconverters.es/telefonia/otros-telefonia.html">Otros telefonía</a></li>
                    <li class="col-xs-12 col-sm-6 col-md-4 col-lg-3"><a href="https://webshop.cashconverters.es/telefonia/telefono-internet-voip.html">Teléfono internet voip</a></li>
                </ul>  
            </li>
            <li class="dropdown">
                <a href="https://webshop.cashconverters.es/videojuegos.html" class="dropdown-toggle"><span><img src="https://cashconverters.es/content/themes/cash-converters/images/icons/videojuegos.png"></span> Videojuegos</a>
                <ul class="dropdown-menu">
                    <li class="col-xs-12 col-sm-6 col-md-4 col-lg-3"><a href="https://webshop.cashconverters.es/videojuegos/videojuegos.html">Videojuegos</a></li>
                    <li class="col-xs-12 col-sm-6 col-md-4 col-lg-3"><a href="https://webshop.cashconverters.es/videojuegos/consolas.html">Consolas</a></li>
                    <li class="col-xs-12 col-sm-6 col-md-4 col-lg-3"><a href="https://webshop.cashconverters.es/videojuegos/mandos.html">Mandos</a></li>
                    <li class="col-xs-12 col-sm-6 col-md-4 col-lg-3"><a href="https://webshop.cashconverters.es/videojuegos/accesorios-consolas.html">Accesorios consolas</a></li>
                    <li class="col-xs-12 col-sm-6 col-md-4 col-lg-3"><a href="https://webshop.cashconverters.es/videojuegos/coleccionismo-vintage.html">Coleccionismo vintage</a></li>
                    <li class="col-xs-12 col-sm-6 col-md-4 col-lg-3"><a href="https://webshop.cashconverters.es/videojuegos/maquina-recreativa.html">Máquina recreativa</a></li>
                </ul>
            </li>
            <li class="dropdown">
                <a href="https://webshop.cashconverters.es/informatica.html" class="dropdown-toggle"><span><img src="https://cashconverters.es/content/themes/cash-converters/images/icons/informatica.png"></span> Informática</a>
                <ul class="dropdown-menu">
                    <li class="col-xs-12 col-sm-6 col-md-4 col-lg-3"><a href="https://webshop.cashconverters.es/informatica/equipamiento-dise-o-grafico.html">Equipamiento diseÑo gráfico</a></li>
                    <li class="col-xs-12 col-sm-6 col-md-4 col-lg-3"><a href="https://webshop.cashconverters.es/informatica/gps.html">Gps</a></li>
                    <li class="col-xs-12 col-sm-6 col-md-4 col-lg-3"><a href="https://webshop.cashconverters.es/informatica/ordenador-sobremesa.html">Ordenador sobremesa</a></li>
                    <li class="col-xs-12 col-sm-6 col-md-4 col-lg-3"><a href="https://webshop.cashconverters.es/informatica/ordenador-portatil.html">Ordenador portátil</a></li>
                    <li class="col-xs-12 col-sm-6 col-md-4 col-lg-3"><a href="https://webshop.cashconverters.es/informatica/tablet.html">Tablet</a></li>
                    <li class="col-xs-12 col-sm-6 col-md-4 col-lg-3"><a href="https://webshop.cashconverters.es/informatica/libro-electronico.html">Libro electrónico</a></li>
                    <li class="col-xs-12 col-sm-6 col-md-4 col-lg-3"><a href="https://webshop.cashconverters.es/informatica/componentes-ordenador.html">Componentes ordenador</a></li>
                    <li class="col-xs-12 col-sm-6 col-md-4 col-lg-3"><a href="https://webshop.cashconverters.es/informatica/accesorios-ordenador.html">Accesorios ordenador</a></li>
                    <li class="col-xs-12 col-sm-6 col-md-4 col-lg-3"><a href="https://webshop.cashconverters.es/informatica/almacenamiento.html">Almacenamiento</a></li>
                    <li class="col-xs-12 col-sm-6 col-md-4 col-lg-3"><a href="https://webshop.cashconverters.es/informatica/perifericos.html">Periféricos</a></li>
                    <li class="col-xs-12 col-sm-6 col-md-4 col-lg-3"><a href="https://webshop.cashconverters.es/informatica/monitores.html">Monitores</a></li>
                    <li class="col-xs-12 col-sm-6 col-md-4 col-lg-3"><a href="https://webshop.cashconverters.es/informatica/comunicaciones-y-redes.html">Comunicaciones y redes</a></li>
                    <li class="col-xs-12 col-sm-6 col-md-4 col-lg-3"><a href="https://webshop.cashconverters.es/informatica/fotocopiadora.html">Fotocopiadora</a></li>
                    <li class="col-xs-12 col-sm-6 col-md-4 col-lg-3"><a href="https://webshop.cashconverters.es/informatica/scanner.html">Scanner</a></li>
                    <li class="col-xs-12 col-sm-6 col-md-4 col-lg-3"><a href="https://webshop.cashconverters.es/informatica/software.html">Software</a></li>
                    <li class="col-xs-12 col-sm-6 col-md-4 col-lg-3"><a href="https://webshop.cashconverters.es/informatica/vintage.html">Vintage</a></li>
                    <li class="col-xs-12 col-sm-6 col-md-4 col-lg-3"><a href="https://webshop.cashconverters.es/informatica/otros-informatica.html">Otros informática</a></li>
                    <li class="col-xs-12 col-sm-6 col-md-4 col-lg-3"><a href="https://webshop.cashconverters.es/informatica/pda.html">Pda</a></li>
                    <li class="col-xs-12 col-sm-6 col-md-4 col-lg-3"><a href="https://webshop.cashconverters.es/informatica/accesorios-pda.html">Accesorios pda</a></li>
                    <li class="col-xs-12 col-sm-6 col-md-4 col-lg-3"><a href="https://webshop.cashconverters.es/informatica/impresoras.html">Impresoras</a></li>
                </ul>
            </li>
            <li class="dropdown">
                <a href="https://webshop.cashconverters.es/tv-y-video.html" class="dropdown-toggle"><span><img src="https://cashconverters.es/content/themes/cash-converters/images/icons/television.png"></span> TV y Vídeo</a>
                <ul class="dropdown-menu">
                    <li class="col-xs-12 col-sm-6 col-md-4 col-lg-3"><a href="https://webshop.cashconverters.es/tv-y-video/televisores.html">Televisores</a></li>
                    <li class="col-xs-12 col-sm-6 col-md-4 col-lg-3"><a href="https://webshop.cashconverters.es/tv-y-video/home-cinema.html">Home cinema</a></li>
                    <li class="col-xs-12 col-sm-6 col-md-4 col-lg-3"><a href="https://webshop.cashconverters.es/tv-y-video/video-proyectores.html">Video proyectores</a></li>
                    <li class="col-xs-12 col-sm-6 col-md-4 col-lg-3"><a href="https://webshop.cashconverters.es/tv-y-video/reproductores.html">Reproductores</a></li>
                    <li class="col-xs-12 col-sm-6 col-md-4 col-lg-3"><a href="https://webshop.cashconverters.es/tv-y-video/satelite-y-tdt.html">Satélite y tdt</a></li>
                    <li class="col-xs-12 col-sm-6 col-md-4 col-lg-3"><a href="https://webshop.cashconverters.es/tv-y-video/accesorios-tv-video.html">Accesorios tv video</a></li>
                    <li class="col-xs-12 col-sm-6 col-md-4 col-lg-3"><a href="https://webshop.cashconverters.es/tv-y-video/muebles-y-soportes.html">Muebles y soportes</a></li>
                    <li class="col-xs-12 col-sm-6 col-md-4 col-lg-3"><a href="https://webshop.cashconverters.es/tv-y-video/mando-a-distancia.html">Mando a distancia</a></li>
                    <li class="col-xs-12 col-sm-6 col-md-4 col-lg-3"><a href="https://webshop.cashconverters.es/tv-y-video/otros-tv-y-video.html">Otros tv y  video</a></li>
                </ul>
            </li>
            <li class="dropdown">
                <a href="https://webshop.cashconverters.es/fotografia.html" class="dropdown-toggle"><span><img src="https://cashconverters.es/content/themes/cash-converters/images/icons/fotografia.png"></span> Fotografía</a>
                <ul class="dropdown-menu">
                    <li class="col-xs-12 col-sm-6 col-md-4 col-lg-3"><a href="https://webshop.cashconverters.es/fotografia/fotografia-digital.html">Fotografía digital</a></li>
                    <li class="col-xs-12 col-sm-6 col-md-4 col-lg-3"><a href="https://webshop.cashconverters.es/fotografia/objetivo-fotografico.html">Objetivo fotográfico</a></li>
                    <li class="col-xs-12 col-sm-6 col-md-4 col-lg-3"><a href="https://webshop.cashconverters.es/fotografia/flashes-fotograficos.html">Flashes fotográficos</a></li>
                    <li class="col-xs-12 col-sm-6 col-md-4 col-lg-3"><a href="https://webshop.cashconverters.es/fotografia/videocamaras.html">Videocámaras</a></li>
                    <li class="col-xs-12 col-sm-6 col-md-4 col-lg-3"><a href="https://webshop.cashconverters.es/fotografia/fotografia-tradicional.html">Fotografía tradicional</a></li>
                    <li class="col-xs-12 col-sm-6 col-md-4 col-lg-3"><a href="https://webshop.cashconverters.es/fotografia/accesorios.html">Accesorios</a></li>
                    <li class="col-xs-12 col-sm-6 col-md-4 col-lg-3"><a href="https://webshop.cashconverters.es/fotografia/complementos-opticos.html">Complementos ópticos</a></li>
                    <li class="col-xs-12 col-sm-6 col-md-4 col-lg-3"><a href="https://webshop.cashconverters.es/fotografia/telescopios-y-prismaticos.html">Telescopios y prismáticos</a></li>
                    <li class="col-xs-12 col-sm-6 col-md-4 col-lg-3"><a href="https://webshop.cashconverters.es/fotografia/fotografia-estudio.html">Fotografía estudio</a></li>
                    <li class="col-xs-12 col-sm-6 col-md-4 col-lg-3"><a href="https://webshop.cashconverters.es/fotografia/fotografia-antigua.html">Fotografía antigua</a></li>
                    <li class="col-xs-12 col-sm-6 col-md-4 col-lg-3"><a href="https://webshop.cashconverters.es/fotografia/revelado.html">Revelado</a></li>
                    <li class="col-xs-12 col-sm-6 col-md-4 col-lg-3"><a href="https://webshop.cashconverters.es/fotografia/otros-fotografia-y-video.html">Otros fotografía y video</a></li>
                    <li class="col-xs-12 col-sm-6 col-md-4 col-lg-3"><a href="https://webshop.cashconverters.es/fotografia/microscopio.html">Microscopio</a></li>
                </ul>
            </li>
            <li class="dropdown">
                <a href="https://webshop.cashconverters.es/deportes.html" class="dropdown-toggle"><span><img src="https://cashconverters.es/content/themes/cash-converters/images/icons/deportes.png"></span> Deportes</a>
                <ul class="dropdown-menu">
                    <li class="col-xs-12 col-sm-6 col-md-4 col-lg-3"><a href="https://webshop.cashconverters.es/deportes/aerobic-y-fitness.html">Aerobic y fitness</a></li>
                    <li class="col-xs-12 col-sm-6 col-md-4 col-lg-3"><a href="https://webshop.cashconverters.es/deportes/motocicleta.html">Motocicleta</a></li>
                    <li class="col-xs-12 col-sm-6 col-md-4 col-lg-3"><a href="https://webshop.cashconverters.es/deportes/atletismo-y-running.html">Atletismo y running</a></li>
                    <li class="col-xs-12 col-sm-6 col-md-4 col-lg-3"><a href="https://webshop.cashconverters.es/deportes/raqueta.html">Raqueta</a></li>
                    <li class="col-xs-12 col-sm-6 col-md-4 col-lg-3"><a href="https://webshop.cashconverters.es/deportes/ciclismo.html">Ciclismo</a></li>
                    <li class="col-xs-12 col-sm-6 col-md-4 col-lg-3"><a href="https://webshop.cashconverters.es/deportes/patinaje.html">Patinaje</a></li>
                    <li class="col-xs-12 col-sm-6 col-md-4 col-lg-3"><a href="https://webshop.cashconverters.es/deportes/invierno.html">Invierno</a></li>
                    <li class="col-xs-12 col-sm-6 col-md-4 col-lg-3"><a href="https://webshop.cashconverters.es/deportes/pesca.html">Pesca</a></li>
                    <li class="col-xs-12 col-sm-6 col-md-4 col-lg-3"><a href="https://webshop.cashconverters.es/deportes/cometas.html">Cometas</a></li>
                    <li class="col-xs-12 col-sm-6 col-md-4 col-lg-3"><a href="https://webshop.cashconverters.es/deportes/escalada-y-trekking.html">Escalada y trekking</a></li>
                    <li class="col-xs-12 col-sm-6 col-md-4 col-lg-3"><a href="https://webshop.cashconverters.es/deportes/futbol.html">Fútbol</a></li>
                    <li class="col-xs-12 col-sm-6 col-md-4 col-lg-3"><a href="https://webshop.cashconverters.es/deportes/futbol-americano.html">Fútbol americano</a></li>
                    <li class="col-xs-12 col-sm-6 col-md-4 col-lg-3"><a href="https://webshop.cashconverters.es/deportes/gimnasia.html">Gimnasia</a></li>
                    <li class="col-xs-12 col-sm-6 col-md-4 col-lg-3"><a href="https://webshop.cashconverters.es/deportes/golf.html">Golf</a></li>
                    <li class="col-xs-12 col-sm-6 col-md-4 col-lg-3"><a href="https://webshop.cashconverters.es/deportes/submarinismo.html">Submarinismo</a></li>
                    <li class="col-xs-12 col-sm-6 col-md-4 col-lg-3"><a href="https://webshop.cashconverters.es/deportes/piragua-y-kayak.html">Piragua y kayak</a></li>
                    <li class="col-xs-12 col-sm-6 col-md-4 col-lg-3"><a href="https://webshop.cashconverters.es/deportes/natacion.html">Natación</a></li>
                    <li class="col-xs-12 col-sm-6 col-md-4 col-lg-3"><a href="https://webshop.cashconverters.es/deportes/nautica.html">Náutica</a></li>
                    <li class="col-xs-12 col-sm-6 col-md-4 col-lg-3"><a href="https://webshop.cashconverters.es/deportes/hockey.html">Hockey</a></li>
                    <li class="col-xs-12 col-sm-6 col-md-4 col-lg-3"><a href="https://webshop.cashconverters.es/deportes/baloncesto.html">Baloncesto</a></li>
                    <li class="col-xs-12 col-sm-6 col-md-4 col-lg-3"><a href="https://webshop.cashconverters.es/deportes/precision.html">Precisión</a></li>
                    <li class="col-xs-12 col-sm-6 col-md-4 col-lg-3"><a href="https://webshop.cashconverters.es/deportes/lucha.html">Lucha</a></li>
                    <li class="col-xs-12 col-sm-6 col-md-4 col-lg-3"><a href="https://webshop.cashconverters.es/deportes/equitacion.html">Equitación</a></li>
                    <li class="col-xs-12 col-sm-6 col-md-4 col-lg-3"><a href="https://webshop.cashconverters.es/deportes/otros-deportes.html">Otros deportes</a></li>
                    <li class="col-xs-12 col-sm-6 col-md-4 col-lg-3"><a href="https://webshop.cashconverters.es/deportes/ajedrez.html">Ajedrez</a></li>
                    <li class="col-xs-12 col-sm-6 col-md-4 col-lg-3"><a href="https://webshop.cashconverters.es/deportes/balonmano.html">Balonmano</a></li>
                    <li class="col-xs-12 col-sm-6 col-md-4 col-lg-3"><a href="https://webshop.cashconverters.es/deportes/beisbol.html">Beisbol</a></li>
                    <li class="col-xs-12 col-sm-6 col-md-4 col-lg-3"><a href="https://webshop.cashconverters.es/deportes/camping.html">Camping</a></li>
                    <li class="col-xs-12 col-sm-6 col-md-4 col-lg-3"><a href="https://webshop.cashconverters.es/deportes/caza.html">Caza</a></li>
                </ul>
            </li>
            <li class="dropdown">
                <a href="https://webshop.cashconverters.es/joyeria.html" class="dropdown-toggle"><span><img src="https://cashconverters.es/content/themes/cash-converters/images/icons/joyeria.png"></span> Joyería</a>
                <ul class="dropdown-menu">
                    <li class="col-xs-12 col-sm-6 col-md-4 col-lg-3"><a href="https://webshop.cashconverters.es/joyeria/bisuteria.html">Bisutería</a></li>
                    <li class="col-xs-12 col-sm-6 col-md-4 col-lg-3"><a href="https://webshop.cashconverters.es/joyeria/anillos.html">Anillos</a></li>
                    <li class="col-xs-12 col-sm-6 col-md-4 col-lg-3"><a href="https://webshop.cashconverters.es/joyeria/collares.html">Collares</a></li>
                    <li class="col-xs-12 col-sm-6 col-md-4 col-lg-3"><a href="https://webshop.cashconverters.es/joyeria/pulseras.html">Pulseras</a></li>
                    <li class="col-xs-12 col-sm-6 col-md-4 col-lg-3"><a href="https://webshop.cashconverters.es/joyeria/pendientes.html">Pendientes</a></li>
                    <li class="col-xs-12 col-sm-6 col-md-4 col-lg-3"><a href="https://webshop.cashconverters.es/joyeria/colgantes.html">Colgantes</a></li>
                    <li class="col-xs-12 col-sm-6 col-md-4 col-lg-3"><a href="https://webshop.cashconverters.es/joyeria/otros-joyeria.html">Otros joyería</a></li>
                    <li class="col-xs-12 col-sm-6 col-md-4 col-lg-3"><a href="https://webshop.cashconverters.es/joyeria/boligrafo-alta-gama.html">Bolígrafo alta gama</a></li>
                    <li class="col-xs-12 col-sm-6 col-md-4 col-lg-3"><a href="https://webshop.cashconverters.es/joyeria/portaminas-alta-gama.html">Portaminas alta gama</a></li>
                    <li class="col-xs-12 col-sm-6 col-md-4 col-lg-3"><a href="https://webshop.cashconverters.es/joyeria/pluma-estilografica-alta-gama.html">Pluma estilográfica alta gama</a></li>
                    <li class="col-xs-12 col-sm-6 col-md-4 col-lg-3"><a href="https://webshop.cashconverters.es/joyeria/encendedor-alta-gama.html">Encendedor alta gama</a></li>
                    <li class="col-xs-12 col-sm-6 col-md-4 col-lg-3"><a href="https://webshop.cashconverters.es/joyeria/cuberteria-alta-gama.html">Cubertería alta gama</a></li>
                    <li class="col-xs-12 col-sm-6 col-md-4 col-lg-3"><a href="https://webshop.cashconverters.es/joyeria/ceramica-alta-gama.html">Cerámica alta gama</a></li>
                </ul>
            </li>
            <li class="dropdown">
                <a href="https://webshop.cashconverters.es/categorias.html" class="dropdown-toggle"><span><img src="https://cashconverters.es/content/themes/cash-converters/images/icons/categorias.png"></span> + Categorías</a>
                <ul class="dropdown-menu">
                    <li class="col-xs-12 col-sm-6 col-md-4 col-lg-3"><a href="https://webshop.cashconverters.es/categorias/electrodomesticos.html">Electrodomésticos</a></li>
                    <li class="col-xs-12 col-sm-6 col-md-4 col-lg-3"><a href="https://webshop.cashconverters.es/categorias/instrumentos-musicales.html">Instrumentos musicales</a></li>
                    <li class="col-xs-12 col-sm-6 col-md-4 col-lg-3"><a href="https://webshop.cashconverters.es/categorias/cine-dvd-peliculas.html">Cine dvd películas</a></li>
                    <li class="col-xs-12 col-sm-6 col-md-4 col-lg-3"><a href="https://webshop.cashconverters.es/categorias/libros.html">Libros</a></li>
                    <li class="col-xs-12 col-sm-6 col-md-4 col-lg-3"><a href="https://webshop.cashconverters.es/categorias/cds-y-vinilos.html">Cds y vinilos</a></li>
                    <li class="col-xs-12 col-sm-6 col-md-4 col-lg-3"><a href="https://webshop.cashconverters.es/categorias/sonido.html">Sonido</a></li>
                    <li class="col-xs-12 col-sm-6 col-md-4 col-lg-3"><a href="https://webshop.cashconverters.es/categorias/musica-profesional.html">Música profesional</a></li>
                    <li class="col-xs-12 col-sm-6 col-md-4 col-lg-3"><a href="https://webshop.cashconverters.es/categorias/relojeria-y-gafas.html">Relojería y gafas</a></li>
                    <li class="col-xs-12 col-sm-6 col-md-4 col-lg-3"><a href="https://webshop.cashconverters.es/categorias/bebes-y-juguetes.html">Bebés y juguetes</a></li>
                    <li class="col-xs-12 col-sm-6 col-md-4 col-lg-3"><a href="https://webshop.cashconverters.es/categorias/hogar-y-complementos.html">Hogar y complementos</a></li>
                    <li class="col-xs-12 col-sm-6 col-md-4 col-lg-3"><a href="https://webshop.cashconverters.es/categorias/bricolaje.html">Bricolaje</a></li>
                    <li class="col-xs-12 col-sm-6 col-md-4 col-lg-3"><a href="https://webshop.cashconverters.es/categorias/accesorios-y-consumibles.html">Accesorios y consumibles</a></li>
                </ul>
            </li>
        </ul>
    </div>
</div></header>
<main class="page-content box-header" style="min-height: 449px;">
    
    <section class="box-content ">
        <div class="container">
            <div class="box-404">
                <h2>404</h2>
                <h3>Tienda no encontrada.</h3>
                <p>Lo sentimos, pero la tienda que estás buscando no existe.</p>
                <br>
                <p><a href="https://cashconverters.es/tiendas/" class="btn btn-solid">Ver tiendas</a></p>
            </div>
        </div> 
    </section>  

</main>

<footer class="footer">
    <div class="container">
        <div class="row-footer">
            <div class="col">
                <a href="https://cashconverters.es/" title="Cash Converters">
                    <img alt="Logo VentaExpress" class="logo" src="https://cashconverters.es/content/themes/cash-converters/images/logo-white.png">
                </a>
            </div>
            <div class="col">
                <h4>Servicios</h4>
                <ul>
                    <li>
                        <a href="https://webshop.cashconverters.es" title="Webshop Cash Converters">WebShop</a>
                    </li>
                    <li>
                        <a href="https://canarias.cashconverters.es" title="Webshop Canarias Cash Converters">WebShop Canarias</a>
                    </li>
                    <li>
                        <a href="https://cashconverters.es/es/es/venta" title="Cash Converters Venta">Cash Converters Venta</a>
                    </li>
                    <li>
                        <a href="https://dineo.es" title="Dineo Crédito">Dineo Crédito</a>
                    </li>
                    <li>
                        <a href="https://cashconverters.es/venta-recuperable/" title="Venta Recuperable">Venta Recuperable</a>
                    </li>
                    <li>
                        <a href="https://cashconverters.es/deposito/" title="Depósito">Depósito</a>
                    </li>
                </ul>
            </div>
            <div class="col">
                <h4>Ayuda</h4>
                <ul>
                    <li>
                        <a href="https://webshop.cashconverters.es/condiciones-de-venta/" title="Condiciones de venta">Condiciones de venta</a>
                    </li>
                    <li>
                        <a href="https://webshop.cashconverters.es/pago-online/" title="Pago online">Pago online</a>
                    </li>
                    <li>
                        <a href="https://webshop.cashconverters.es/envio-o-recogida-de-los-productos/" title="Envío o recogida de productos">Envío o recogida de productos</a>
                    </li>
                    <li>
                        <a href="https://webshop.cashconverters.es/garantia-de-los-productos/" title="Garantía">Garantía</a>
                    </li>
                    <li>
                        <a href="https://webshop.cashconverters.es/devoluciones/" title="Política de devoluciones">Política de devoluciones</a>
                    </li>
                    <li>
                        <a href="https://webshop.cashconverters.es/faq/" title="FAQ">FAQ</a>
                    </li>
                </ul>
            </div>
            <div class="col">
                <h4>Sobre nosotros</h4>
                <ul>
                    <li>
                        <a href="https://cashconverters.es/tiendas/" title="Tiendas de segunda mano Cash Converters">Tiendas de segunda mano</a>
                    </li>
                    <li>
                        <a href="https://cashconverters.es/la-empresa/" title="La empresa">La empresa</a>
                    </li>
                    <li>
                        <a href="https://cashconverters.es/contacto/" title="Contacto">Contacto</a>
                    </li>
                </ul>
            </div>
            <div class="col">
                <h4>Legal</h4>
                <ul>
                    <li>
                        <a href="https://webshop.cashconverters.es/politica_privacidad/" title="Política de privacidad">Política de privacidad</a>
                    </li>
                    <li>
                        <a href="https://webshop.cashconverters.es/informacion_legal/" title="Información Legal">Información Legal</a>
                    </li>
                </ul>
            </div>
        </div>
    </div>
    <div class="box-legal">
        <div class="container">
            <p>cashconverters © 2018</p>
            <ul class="social">
                <li>
                    <a href="https://es-es.facebook.com/cashconvertersespana/" target="_blank" title="Facebook">
                        <i class="fa fa-facebook"></i>
                    </a>
                </li>
                <li>
                    <a href="https://twitter.com/cashconverterse?lang=es" target="_blank" title="Twitter">
                        <i class="fa fa-twitter"></i>
                    </a>
                </li>
                <li>
                    <a href="https://www.youtube.com/channel/UCsUSNjgNNgfm8maBT5cSq_g" target="_blank" title="Youtube">
                        <i class="fa fa-youtube"></i>
                    </a>
                </li>
            </ul>
        </div>
    </div>
</footer>

</main>
</body>
</html>